id	name
cpd00001_e0	H2O
cpd00007_e0	O2
cpd00009_e0	Phosphate
cpd00011_e0	CO2
cpd00012_e0	PPi
cpd00013_e0	NH3
cpd00020_e0	Pyruvate
cpd00023_e0	L-Glutamate
cpd00024_e0	2-Oxoglutarate
cpd00027_e0	D-Glucose
cpd00029_e0	Acetate
cpd00030_e0	Mn2+
cpd00033_e0	Glycine
cpd00034_e0	Zn2+
cpd00035_e0	L-Alanine
cpd00036_e0	Succinate
cpd00039_e0	L-Lysine
cpd00048_e0	Sulfate
cpd00051_e0	L-Arginine
cpd00053_e0	L-Glutamine
cpd00054_e0	L-Serine
cpd00058_e0	Cu2+
cpd00063_e0	Ca2+
cpd00067_e0	H+
cpd00073_e0	Urea
cpd00076_e0	Sucrose
cpd00080_e0	Glycerol-3-phosphate
cpd00082_e0	D-Fructose
cpd00099_e0	Cl-
cpd00104_e0	BIOT
cpd00106_e0	Fumarate
cpd00107_e0	L-Leucine
cpd00118_e0	Putrescine
cpd00119_e0	L-Histidine
cpd00129_e0	L-Proline
cpd00129_e0	L-Proline
cpd00130_e0	L-Malate
cpd00137_e0	Citrate
cpd00149_e0	Co2+
cpd00154_e0	Xylose
cpd00156_e0	L-Valine
cpd00179_e0	Maltose
cpd00204_e0	CO
cpd00205_e0	K+
cpd00209_e0	Nitrate
cpd00226_e0	HYXN
cpd00242_e0	H2CO3
cpd00244_e0	Ni2+
cpd00254_e0	Mg
cpd00264_e0	Spermidine
cpd00305_e0	Thiamin
cpd00322_e0	L-Isoleucine
cpd00355_e0	Nicotinamide-ribonucleotide
cpd00423_e0	Vitamin B12r
cpd00531_e0	Hg2+
cpd00540_e0	BET
cpd00635_e0	Cbl
cpd00971_e0	Na+
cpd01012_e0	Cd2+
cpd01015_e0	Cyanate
cpd01017_e0	Cys-Gly
cpd01048_e0	Arsenate
cpd01262_e0	Amylotriose
cpd01329_e0	Maltohexaose
cpd02701_c0	S-Adenosyl-4-methylthio-2-oxobutanoate
cpd03424_e0	Vitamin B12
cpd03725_e0	FeIIIdicitrate
cpd04097_e0	Pb
cpd04098_e0	Arsenite
cpd08376_e0	2-beta-D-Glucosyl-sn-glycerol
cpd08636_c0	4-5-dihydroxy-2-3-pentanedione
cpd10515_e0	Fe2+
cpd10516_e0	fe3
cpd11416_c0	Biomass
cpd11574_e0	Molybdate
cpd11580_e0	Gly-Gln
cpd11581_e0	gly-asn-L
cpd11582_e0	ala-L-Thr-L
cpd11583_e0	Ala-Leu
cpd11584_e0	Ala-His
cpd11585_e0	L-alanylglycine
cpd11586_e0	ala-L-glu-L
cpd11587_e0	Ala-Gln
cpd11588_e0	gly-pro-L
cpd11589_e0	gly-asp-L
cpd11590_e0	met-L-ala-L
cpd11591_e0	Gly-Met
cpd11592_e0	gly-glu-L
cpd11593_e0	ala-L-asp-L
cpd11640_e0	H2
cpd15302_c0	glycogenn-1
cpd15603_e0	Gly-Cys
cpd15604_e0	Gly-Leu
cpd15605_e0	Gly-Phe
cpd15606_e0	Gly-Tyr
cpd31000_e0	Photon
